Image,Sample,Genotype,Slope,R_squared,N_follicles
1901HBMP004_PC29.ome.tiff,1901HBMP004,T/T,0.3495,0.3163,44
HDL011_PC33.ome.tiff,HDL011,C/C,0.4966,0.528,86
HDL043_PC33.ome.tiff,HDL043,C/T,0.332,0.4219,141
HDL052SPLN_2025Aug6_Scan1.er.qptiff - resolution #1,HDL052,C/T,0.5651,0.7688,20
HDL053_PC33.ome.tif,HDL053,C/C,0.4279,0.5295,375
HDL055_PC33.ome.tiff,HDL055,C/C,0.3947,0.5051,192
HDL063_PC33.ome.tiff,HDL063,T/T,0.4941,0.2798,206
HDL070_SPLN_2025Aug8_Scan1.er.qptiff - resolution #1,HDL070,C/T,0.4582,0.5689,209
HDL073_PC29.ome.tiff,HDL073,T/T,0.3433,0.2569,136
HDL086_PC33.ome.tiff,HDL086,C/T,0.5599,0.5973,122
